image_id,class
00001.jpg,mouse
00002.jpg,blue whale
00003.jpg,mouse
00004.jpg,spider monkey
00005.jpg,deer
00006.jpg,persian cat
00007.jpg,lion
00008.jpg,antelope
00009.jpg,spider monkey
00010.jpg,lion
00011.jpg,spider monkey
00012.jpg,cow
00013.jpg,mouse
00014.jpg,persian cat
00015.jpg,mouse
00016.jpg,humpback whale
00017.jpg,weasel
00018.jpg,mole
00019.jpg,dalmatian
00020.jpg,hamster
00021.jpg,tiger
00022.jpg,cow
00023.jpg,bobcat
00024.jpg,walrus
00025.jpg,mouse
00026.jpg,cow
00027.jpg,deer
00028.jpg,otter
00029.jpg,weasel
00030.jpg,hippopotamus
00031.jpg,buffalo
00032.jpg,hippopotamus
00033.jpg,persian cat
00034.jpg,hamster
00035.jpg,giraffe
00036.jpg,bat
00037.jpg,hippopotamus
00038.jpg,hippopotamus
00039.jpg,cow
00040.jpg,giraffe
00041.jpg,spider monkey
00042.jpg,cow
00043.jpg,dalmatian
00044.jpg,mouse
00045.jpg,raccoon
00046.jpg,humpback whale
00047.jpg,mouse
00048.jpg,beaver
00049.jpg,bobcat
00050.jpg,otter
00051.jpg,elephant
00052.jpg,bobcat
00053.jpg,bat
00054.jpg,antelope
00055.jpg,chihuahua
00056.jpg,deer
00057.jpg,spider monkey
00058.jpg,blue whale
00059.jpg,dolphin
00060.jpg,bobcat
00061.jpg,cow
00062.jpg,antelope
00063.jpg,bobcat
00064.jpg,dalmatian
00065.jpg,wolf
00066.jpg,cow
00067.jpg,hippopotamus
00068.jpg,leopard
00069.jpg,dolphin
00070.jpg,giant panda
00071.jpg,pig
00072.jpg,mole
00073.jpg,elephant
00074.jpg,spider monkey
00075.jpg,dalmatian
00076.jpg,german shepherd
00077.jpg,german shepherd
00078.jpg,tiger
00079.jpg,antelope
00080.jpg,beaver
00081.jpg,dolphin
00082.jpg,deer
00083.jpg,dolphin
00084.jpg,walrus
00085.jpg,ox
00086.jpg,wolf
00087.jpg,cow
00088.jpg,chihuahua
00089.jpg,antelope
00090.jpg,cow
00091.jpg,dolphin
00092.jpg,mole
00093.jpg,grizzly bear
00094.jpg,buffalo
00095.jpg,ox
00096.jpg,bobcat
00097.jpg,leopard
00098.jpg,bat
00099.jpg,bat
00100.jpg,weasel
00101.jpg,chihuahua
00102.jpg,mole
00103.jpg,antelope
00104.jpg,tiger
00105.jpg,antelope
00106.jpg,ox
00107.jpg,mole
00108.jpg,blue whale
00109.jpg,rat
00110.jpg,wolf
00111.jpg,zebra
00112.jpg,otter
00113.jpg,wolf
00114.jpg,german shepherd
00115.jpg,spider monkey
00116.jpg,mouse
00117.jpg,spider monkey
00118.jpg,humpback whale
00119.jpg,zebra
00120.jpg,bat
00121.jpg,humpback whale
00122.jpg,raccoon
00123.jpg,giraffe
00124.jpg,cow
00125.jpg,giant panda
00126.jpg,grizzly bear
00127.jpg,buffalo
00128.jpg,hamster
00129.jpg,bat
00130.jpg,cow
00131.jpg,polar bear
00132.jpg,spider monkey
00133.jpg,siamese cat
00134.jpg,german shepherd
00135.jpg,walrus
00136.jpg,deer
00137.jpg,giraffe
00138.jpg,wolf
00139.jpg,pig
00140.jpg,buffalo
00141.jpg,spider monkey
00142.jpg,dalmatian
00143.jpg,spider monkey
00144.jpg,german shepherd
00145.jpg,buffalo
00146.jpg,zebra
00147.jpg,wolf
00148.jpg,lion
00149.jpg,pig
00150.jpg,bat
00151.jpg,mole
00152.jpg,bat
00153.jpg,cow
00154.jpg,dolphin
00155.jpg,mouse
00156.jpg,humpback whale
00157.jpg,weasel
00158.jpg,raccoon
00159.jpg,tiger
00160.jpg,mouse
00161.jpg,otter
00162.jpg,spider monkey
00163.jpg,humpback whale
00164.jpg,spider monkey
00165.jpg,cow
00166.jpg,weasel
00167.jpg,siamese cat
00168.jpg,deer
00169.jpg,cow
00170.jpg,dalmatian
00171.jpg,raccoon
00172.jpg,rat
00173.jpg,otter
00174.jpg,buffalo
00175.jpg,skunk
00176.jpg,cow
00177.jpg,buffalo
00178.jpg,humpback whale
00179.jpg,giraffe
00180.jpg,spider monkey
00181.jpg,deer
00182.jpg,wolf
00183.jpg,zebra
00184.jpg,deer
00185.jpg,spider monkey
00186.jpg,hamster
00187.jpg,leopard
00188.jpg,walrus
00189.jpg,killer whale
00190.jpg,chihuahua
00191.jpg,buffalo
00192.jpg,bat
00193.jpg,polar bear
00194.jpg,mole
00195.jpg,weasel
00196.jpg,tiger
00197.jpg,polar bear
00198.jpg,killer whale
00199.jpg,wolf
00200.jpg,mouse
00201.jpg,grizzly bear
00202.jpg,spider monkey
00203.jpg,bat
00204.jpg,otter
00205.jpg,mouse
00206.jpg,pig
00207.jpg,tiger
00208.jpg,otter
00209.jpg,wolf
00210.jpg,dalmatian
00211.jpg,siamese cat
00212.jpg,raccoon
00213.jpg,grizzly bear
00214.jpg,weasel
00215.jpg,walrus
00216.jpg,hamster
00217.jpg,spider monkey
00218.jpg,bobcat
00219.jpg,wolf
00220.jpg,cow
00221.jpg,spider monkey
00222.jpg,mouse
00223.jpg,hippopotamus
00224.jpg,cow
00225.jpg,mouse
00226.jpg,persian cat
00227.jpg,deer
00228.jpg,weasel
00229.jpg,hamster
00230.jpg,blue whale
00231.jpg,seal
00232.jpg,walrus
00233.jpg,killer whale
00234.jpg,elephant
00235.jpg,dalmatian
00236.jpg,buffalo
00237.jpg,tiger
00238.jpg,pig
00239.jpg,blue whale
00240.jpg,deer
00241.jpg,walrus
00242.jpg,weasel
00243.jpg,elephant
00244.jpg,mouse
00245.jpg,lion
00246.jpg,german shepherd
00247.jpg,dalmatian
00248.jpg,dolphin
00249.jpg,spider monkey
00250.jpg,cow
00251.jpg,cow
00252.jpg,elephant
00253.jpg,humpback whale
00254.jpg,antelope
00255.jpg,persian cat
00256.jpg,hippopotamus
00257.jpg,spider monkey
00258.jpg,wolf
00259.jpg,tiger
00260.jpg,walrus
00261.jpg,persian cat
00262.jpg,giant panda
00263.jpg,tiger
00264.jpg,dalmatian
00265.jpg,siamese cat
00266.jpg,wolf
00267.jpg,mole
00268.jpg,cow
00269.jpg,leopard
00270.jpg,wolf
00271.jpg,antelope
00272.jpg,elephant
00273.jpg,mouse
00274.jpg,raccoon
00275.jpg,weasel
00276.jpg,spider monkey
00277.jpg,giant panda
00278.jpg,deer
00279.jpg,hamster
00280.jpg,deer
00281.jpg,antelope
00282.jpg,humpback whale
00283.jpg,cow
00284.jpg,elephant
00285.jpg,wolf
00286.jpg,mouse
00287.jpg,dolphin
00288.jpg,zebra
00289.jpg,weasel
00290.jpg,grizzly bear
00291.jpg,cow
00292.jpg,hamster
00293.jpg,spider monkey
00294.jpg,weasel
00295.jpg,ox
00296.jpg,german shepherd
00297.jpg,blue whale
00298.jpg,lion
00299.jpg,lion
00300.jpg,leopard
00301.jpg,elephant
00302.jpg,polar bear
00303.jpg,mouse
00304.jpg,dalmatian
00305.jpg,hamster
00306.jpg,giant panda
00307.jpg,mouse
00308.jpg,deer
00309.jpg,spider monkey
00310.jpg,leopard
00311.jpg,skunk
00312.jpg,spider monkey
00313.jpg,skunk
00314.jpg,giraffe
00315.jpg,siamese cat
00316.jpg,buffalo
00317.jpg,dalmatian
00318.jpg,ox
00319.jpg,spider monkey
00320.jpg,mouse
00321.jpg,dolphin
00322.jpg,siamese cat
00323.jpg,spider monkey
00324.jpg,siamese cat
00325.jpg,weasel
00326.jpg,weasel
00327.jpg,spider monkey
00328.jpg,mouse
00329.jpg,cow
00330.jpg,spider monkey
00331.jpg,spider monkey
00332.jpg,cow
00333.jpg,leopard
00334.jpg,bobcat
00335.jpg,wolf
00336.jpg,antelope
00337.jpg,otter
00338.jpg,pig
00339.jpg,spider monkey
00340.jpg,cow
00341.jpg,spider monkey
00342.jpg,giant panda
00343.jpg,ox
00344.jpg,buffalo
00345.jpg,polar bear
00346.jpg,weasel
00347.jpg,pig
00348.jpg,seal
00349.jpg,rat
00350.jpg,cow
00351.jpg,persian cat
00352.jpg,raccoon
00353.jpg,wolf
00354.jpg,weasel
00355.jpg,antelope
00356.jpg,seal
00357.jpg,hamster
00358.jpg,walrus
00359.jpg,buffalo
00360.jpg,antelope
00361.jpg,elephant
00362.jpg,mouse
00363.jpg,spider monkey
00364.jpg,buffalo
00365.jpg,deer
00366.jpg,mouse
00367.jpg,siamese cat
00368.jpg,spider monkey
00369.jpg,giant panda
00370.jpg,siamese cat
00371.jpg,spider monkey
00372.jpg,dalmatian
00373.jpg,deer
00374.jpg,seal
00375.jpg,cow
00376.jpg,cow
00377.jpg,tiger
00378.jpg,elephant
00379.jpg,wolf
00380.jpg,wolf
00381.jpg,chihuahua
00382.jpg,lion
00383.jpg,giraffe
00384.jpg,dolphin
00385.jpg,spider monkey
00386.jpg,cow
00387.jpg,humpback whale
00388.jpg,deer
00389.jpg,dolphin
00390.jpg,otter
00391.jpg,spider monkey
00392.jpg,bat
00393.jpg,buffalo
00394.jpg,deer
00395.jpg,lion
00396.jpg,hamster
00397.jpg,hamster
00398.jpg,zebra
00399.jpg,hamster
00400.jpg,dolphin
00401.jpg,buffalo
00402.jpg,spider monkey
00403.jpg,cow
00404.jpg,ox
00405.jpg,grizzly bear
00406.jpg,grizzly bear
00407.jpg,dalmatian
00408.jpg,leopard
00409.jpg,skunk
00410.jpg,spider monkey
00411.jpg,zebra
00412.jpg,antelope
00413.jpg,cow
00414.jpg,siamese cat
00415.jpg,elephant
00416.jpg,leopard
00417.jpg,mouse
00418.jpg,tiger
00419.jpg,beaver
00420.jpg,siamese cat
00421.jpg,weasel
00422.jpg,hippopotamus
00423.jpg,walrus
00424.jpg,spider monkey
00425.jpg,mouse
00426.jpg,raccoon
00427.jpg,lion
00428.jpg,spider monkey
00429.jpg,deer
00430.jpg,deer
00431.jpg,spider monkey
00432.jpg,spider monkey
00433.jpg,dalmatian
00434.jpg,killer whale
00435.jpg,raccoon
00436.jpg,spider monkey
00437.jpg,siamese cat
00438.jpg,hippopotamus
00439.jpg,wolf
00440.jpg,spider monkey
00441.jpg,weasel
00442.jpg,tiger
00443.jpg,mouse
00444.jpg,leopard
00445.jpg,spider monkey
00446.jpg,weasel
00447.jpg,bobcat
00448.jpg,persian cat
00449.jpg,chihuahua
00450.jpg,bobcat
00451.jpg,elephant
00452.jpg,hamster
00453.jpg,hippopotamus
00454.jpg,lion
00455.jpg,cow
00456.jpg,spider monkey
00457.jpg,buffalo
00458.jpg,mouse
00459.jpg,spider monkey
00460.jpg,hamster
00461.jpg,cow
00462.jpg,cow
00463.jpg,wolf
00464.jpg,lion
00465.jpg,spider monkey
00466.jpg,pig
00467.jpg,mole
00468.jpg,spider monkey
00469.jpg,cow
00470.jpg,hippopotamus
00471.jpg,mouse
00472.jpg,zebra
00473.jpg,cow
00474.jpg,beaver
00475.jpg,dalmatian
00476.jpg,polar bear
00477.jpg,hamster
00478.jpg,lion
00479.jpg,chihuahua
00480.jpg,chihuahua
00481.jpg,persian cat
00482.jpg,buffalo
00483.jpg,spider monkey
00484.jpg,hippopotamus
00485.jpg,hamster
00486.jpg,cow
00487.jpg,polar bear
00488.jpg,dalmatian
00489.jpg,german shepherd
00490.jpg,siamese cat
00491.jpg,mole
00492.jpg,hippopotamus
00493.jpg,spider monkey
00494.jpg,mouse
00495.jpg,chihuahua
00496.jpg,blue whale
00497.jpg,killer whale
00498.jpg,hamster
00499.jpg,deer
00500.jpg,chihuahua
00501.jpg,elephant
00502.jpg,hippopotamus
00503.jpg,polar bear
00504.jpg,leopard
00505.jpg,deer
00506.jpg,hippopotamus
00507.jpg,siamese cat
00508.jpg,mouse
00509.jpg,pig
00510.jpg,grizzly bear
00511.jpg,tiger
00512.jpg,leopard
00513.jpg,beaver
00514.jpg,spider monkey
00515.jpg,zebra
00516.jpg,dalmatian
00517.jpg,cow
00518.jpg,chihuahua
00519.jpg,cow
00520.jpg,mouse
00521.jpg,hippopotamus
00522.jpg,blue whale
00523.jpg,mouse
00524.jpg,weasel
00525.jpg,hamster
00526.jpg,giant panda
00527.jpg,pig
00528.jpg,giraffe
00529.jpg,grizzly bear
00530.jpg,german shepherd
00531.jpg,skunk
00532.jpg,mole
00533.jpg,antelope
00534.jpg,spider monkey
00535.jpg,mouse
00536.jpg,deer
00537.jpg,hamster
00538.jpg,killer whale
00539.jpg,raccoon
00540.jpg,weasel
00541.jpg,rat
00542.jpg,bat
00543.jpg,lion
00544.jpg,antelope
00545.jpg,spider monkey
00546.jpg,cow
00547.jpg,dolphin
00548.jpg,giant panda
00549.jpg,beaver
00550.jpg,bat
00551.jpg,chihuahua
00552.jpg,cow
00553.jpg,blue whale
00554.jpg,otter
00555.jpg,deer
00556.jpg,skunk
00557.jpg,hippopotamus
00558.jpg,spider monkey
00559.jpg,bobcat
00560.jpg,raccoon
00561.jpg,deer
00562.jpg,dolphin
00563.jpg,spider monkey
00564.jpg,grizzly bear
00565.jpg,polar bear
00566.jpg,cow
00567.jpg,cow
00568.jpg,mouse
00569.jpg,spider monkey
00570.jpg,rat
00571.jpg,skunk
00572.jpg,grizzly bear
00573.jpg,mouse
00574.jpg,mouse
00575.jpg,mouse
00576.jpg,bobcat
00577.jpg,deer
00578.jpg,otter
00579.jpg,deer
00580.jpg,bobcat
00581.jpg,leopard
00582.jpg,persian cat
00583.jpg,spider monkey
00584.jpg,deer
00585.jpg,persian cat
00586.jpg,walrus
00587.jpg,killer whale
00588.jpg,bat
00589.jpg,bobcat
00590.jpg,wolf
00591.jpg,mole
00592.jpg,zebra
00593.jpg,ox
00594.jpg,hamster
00595.jpg,hamster
00596.jpg,mole
00597.jpg,beaver
00598.jpg,deer
00599.jpg,elephant
00600.jpg,elephant
00601.jpg,deer
00602.jpg,otter
00603.jpg,persian cat
00604.jpg,wolf
00605.jpg,bobcat
00606.jpg,grizzly bear
00607.jpg,spider monkey
00608.jpg,wolf
00609.jpg,leopard
00610.jpg,mouse
00611.jpg,deer
00612.jpg,cow
00613.jpg,lion
00614.jpg,mouse
00615.jpg,buffalo
00616.jpg,elephant
00617.jpg,bobcat
00618.jpg,wolf
00619.jpg,hippopotamus
00620.jpg,beaver
00621.jpg,spider monkey
00622.jpg,deer
00623.jpg,mouse
00624.jpg,dolphin
00625.jpg,cow
00626.jpg,hippopotamus
00627.jpg,cow
00628.jpg,siamese cat
00629.jpg,giant panda
00630.jpg,seal
00631.jpg,giraffe
00632.jpg,giraffe
00633.jpg,bobcat
00634.jpg,pig
00635.jpg,bat
00636.jpg,seal
00637.jpg,cow
00638.jpg,spider monkey
00639.jpg,german shepherd
00640.jpg,mouse
00641.jpg,polar bear
00642.jpg,weasel
00643.jpg,rat
00644.jpg,dolphin
00645.jpg,mole
00646.jpg,seal
00647.jpg,mouse
00648.jpg,cow
00649.jpg,hippopotamus
00650.jpg,elephant
00651.jpg,mouse
00652.jpg,persian cat
00653.jpg,elephant
00654.jpg,grizzly bear
00655.jpg,elephant
00656.jpg,spider monkey
00657.jpg,weasel
00658.jpg,cow
00659.jpg,weasel
00660.jpg,german shepherd
00661.jpg,cow
00662.jpg,humpback whale
00663.jpg,killer whale
00664.jpg,polar bear
00665.jpg,german shepherd
00666.jpg,ox
00667.jpg,cow
00668.jpg,pig
00669.jpg,hippopotamus
00670.jpg,walrus
00671.jpg,leopard
00672.jpg,killer whale
00673.jpg,bat
00674.jpg,buffalo
00675.jpg,wolf
00676.jpg,weasel
00677.jpg,spider monkey
00678.jpg,spider monkey
00679.jpg,spider monkey
00680.jpg,hamster
00681.jpg,deer
00682.jpg,deer
00683.jpg,skunk
00684.jpg,chihuahua
00685.jpg,chihuahua
00686.jpg,elephant
00687.jpg,antelope
00688.jpg,german shepherd
00689.jpg,seal
00690.jpg,pig
00691.jpg,rat
00692.jpg,deer
00693.jpg,giant panda
00694.jpg,wolf
00695.jpg,cow
00696.jpg,giraffe
00697.jpg,mouse
00698.jpg,killer whale
00699.jpg,pig
00700.jpg,beaver
00701.jpg,zebra
00702.jpg,cow
00703.jpg,spider monkey
00704.jpg,leopard
00705.jpg,spider monkey
00706.jpg,chihuahua
00707.jpg,hippopotamus
00708.jpg,rat
00709.jpg,elephant
00710.jpg,antelope
00711.jpg,blue whale
00712.jpg,spider monkey
00713.jpg,leopard
00714.jpg,buffalo
00715.jpg,deer
00716.jpg,rat
00717.jpg,killer whale
00718.jpg,deer
00719.jpg,skunk
00720.jpg,humpback whale
00721.jpg,bat
00722.jpg,buffalo
00723.jpg,killer whale
00724.jpg,buffalo
00725.jpg,deer
00726.jpg,grizzly bear
00727.jpg,beaver
00728.jpg,giraffe
00729.jpg,pig
00730.jpg,antelope
00731.jpg,dalmatian
00732.jpg,deer
00733.jpg,buffalo
00734.jpg,elephant
00735.jpg,spider monkey
00736.jpg,beaver
00737.jpg,elephant
00738.jpg,mouse
00739.jpg,mouse
00740.jpg,blue whale
00741.jpg,persian cat
00742.jpg,zebra
00743.jpg,wolf
00744.jpg,humpback whale
00745.jpg,spider monkey
00746.jpg,cow
00747.jpg,mole
00748.jpg,mouse
00749.jpg,mouse
00750.jpg,cow
00751.jpg,chihuahua
00752.jpg,mouse
00753.jpg,hippopotamus
00754.jpg,rat
00755.jpg,blue whale
00756.jpg,elephant
00757.jpg,wolf
00758.jpg,mouse
00759.jpg,buffalo
00760.jpg,walrus
00761.jpg,humpback whale
00762.jpg,cow
00763.jpg,blue whale
00764.jpg,german shepherd
00765.jpg,beaver
00766.jpg,persian cat
00767.jpg,spider monkey
00768.jpg,hamster
00769.jpg,raccoon
00770.jpg,rat
00771.jpg,polar bear
00772.jpg,spider monkey
00773.jpg,siamese cat
00774.jpg,german shepherd
00775.jpg,chihuahua
00776.jpg,bobcat
00777.jpg,grizzly bear
00778.jpg,spider monkey
00779.jpg,deer
00780.jpg,rat
00781.jpg,spider monkey
00782.jpg,german shepherd
00783.jpg,giraffe
00784.jpg,pig
00785.jpg,zebra
00786.jpg,hamster
00787.jpg,weasel
00788.jpg,cow
00789.jpg,wolf
00790.jpg,grizzly bear
00791.jpg,giant panda
00792.jpg,cow
00793.jpg,mouse
00794.jpg,giraffe
00795.jpg,spider monkey
00796.jpg,killer whale
00797.jpg,cow
00798.jpg,hamster
00799.jpg,buffalo
00800.jpg,mouse
00801.jpg,leopard
00802.jpg,cow
00803.jpg,spider monkey
00804.jpg,hippopotamus
00805.jpg,deer
00806.jpg,otter
00807.jpg,german shepherd
00808.jpg,giraffe
00809.jpg,cow
00810.jpg,german shepherd
00811.jpg,giraffe
00812.jpg,bat
00813.jpg,german shepherd
00814.jpg,spider monkey
00815.jpg,spider monkey
00816.jpg,mouse
00817.jpg,persian cat
00818.jpg,otter
00819.jpg,spider monkey
00820.jpg,mouse
00821.jpg,persian cat
00822.jpg,otter
00823.jpg,hamster
00824.jpg,wolf
00825.jpg,deer
00826.jpg,hamster
00827.jpg,polar bear
00828.jpg,lion
00829.jpg,siamese cat
00830.jpg,german shepherd
00831.jpg,skunk
00832.jpg,wolf
00833.jpg,deer
00834.jpg,elephant
00835.jpg,spider monkey
00836.jpg,chihuahua
00837.jpg,chihuahua
00838.jpg,siamese cat
00839.jpg,elephant
00840.jpg,cow
00841.jpg,polar bear
00842.jpg,deer
00843.jpg,mouse
00844.jpg,rat
00845.jpg,killer whale
00846.jpg,elephant
00847.jpg,mouse
00848.jpg,pig
00849.jpg,spider monkey
00850.jpg,cow
00851.jpg,german shepherd
00852.jpg,seal
00853.jpg,skunk
00854.jpg,bobcat
00855.jpg,mole
00856.jpg,mouse
00857.jpg,pig
00858.jpg,grizzly bear
00859.jpg,grizzly bear
00860.jpg,seal
00861.jpg,persian cat
00862.jpg,buffalo
00863.jpg,rat
00864.jpg,rat
00865.jpg,polar bear
00866.jpg,blue whale
00867.jpg,raccoon
00868.jpg,skunk
00869.jpg,rat
00870.jpg,tiger
00871.jpg,dolphin
00872.jpg,spider monkey
00873.jpg,walrus
00874.jpg,deer
00875.jpg,german shepherd
00876.jpg,elephant
00877.jpg,spider monkey
00878.jpg,spider monkey
00879.jpg,antelope
00880.jpg,grizzly bear
00881.jpg,hamster
00882.jpg,deer
00883.jpg,german shepherd
00884.jpg,elephant
00885.jpg,giraffe
00886.jpg,siamese cat
00887.jpg,chihuahua
00888.jpg,rat
00889.jpg,hippopotamus
00890.jpg,german shepherd
00891.jpg,deer
00892.jpg,mole
00893.jpg,bobcat
00894.jpg,mouse
00895.jpg,pig
00896.jpg,spider monkey
00897.jpg,spider monkey
00898.jpg,bobcat
00899.jpg,polar bear
00900.jpg,mouse
00901.jpg,humpback whale
00902.jpg,blue whale
00903.jpg,wolf
00904.jpg,raccoon
00905.jpg,otter
00906.jpg,bat
00907.jpg,walrus
00908.jpg,lion
00909.jpg,weasel
00910.jpg,elephant
00911.jpg,giant panda
00912.jpg,elephant
00913.jpg,deer
00914.jpg,bat
00915.jpg,deer
00916.jpg,mouse
00917.jpg,skunk
00918.jpg,bat
00919.jpg,otter
00920.jpg,chihuahua
00921.jpg,raccoon
00922.jpg,lion
00923.jpg,buffalo
00924.jpg,mouse
00925.jpg,spider monkey
00926.jpg,lion
00927.jpg,leopard
00928.jpg,skunk
00929.jpg,ox
00930.jpg,mouse
00931.jpg,killer whale
00932.jpg,german shepherd
00933.jpg,weasel
00934.jpg,german shepherd
00935.jpg,deer
00936.jpg,mole
00937.jpg,antelope
00938.jpg,hamster
00939.jpg,dalmatian
00940.jpg,chihuahua
00941.jpg,dalmatian
00942.jpg,walrus
00943.jpg,antelope
00944.jpg,seal
00945.jpg,spider monkey
00946.jpg,cow
00947.jpg,spider monkey
00948.jpg,walrus
00949.jpg,rat
00950.jpg,polar bear
00951.jpg,giant panda
00952.jpg,chihuahua
00953.jpg,spider monkey
00954.jpg,chihuahua
00955.jpg,walrus
00956.jpg,walrus
00957.jpg,hamster
00958.jpg,spider monkey
00959.jpg,wolf
00960.jpg,spider monkey
00961.jpg,spider monkey
00962.jpg,polar bear
00963.jpg,giant panda
00964.jpg,giraffe
00965.jpg,spider monkey
00966.jpg,bobcat
00967.jpg,wolf
00968.jpg,spider monkey
00969.jpg,spider monkey
00970.jpg,hamster
00971.jpg,elephant
00972.jpg,bobcat
00973.jpg,elephant
00974.jpg,mouse
00975.jpg,cow
00976.jpg,bat
00977.jpg,antelope
00978.jpg,elephant
00979.jpg,weasel
00980.jpg,mouse
00981.jpg,deer
00982.jpg,deer
00983.jpg,deer
00984.jpg,walrus
00985.jpg,tiger
00986.jpg,spider monkey
00987.jpg,deer
00988.jpg,weasel
00989.jpg,beaver
00990.jpg,spider monkey
00991.jpg,walrus
00992.jpg,antelope
00993.jpg,pig
00994.jpg,mouse
00995.jpg,ox
00996.jpg,mouse
00997.jpg,cow
00998.jpg,beaver
00999.jpg,rat
01000.jpg,mouse
01001.jpg,wolf
01002.jpg,spider monkey
01003.jpg,persian cat
01004.jpg,mole
01005.jpg,pig
01006.jpg,german shepherd
01007.jpg,german shepherd
01008.jpg,seal
01009.jpg,spider monkey
01010.jpg,weasel
01011.jpg,chihuahua
01012.jpg,buffalo
01013.jpg,beaver
01014.jpg,antelope
01015.jpg,dalmatian
01016.jpg,deer
01017.jpg,lion
01018.jpg,chihuahua
01019.jpg,mouse
01020.jpg,grizzly bear
01021.jpg,buffalo
01022.jpg,raccoon
01023.jpg,dalmatian
01024.jpg,buffalo
01025.jpg,rat
01026.jpg,buffalo
01027.jpg,pig
01028.jpg,persian cat
01029.jpg,antelope
01030.jpg,deer
01031.jpg,giraffe
01032.jpg,rat
01033.jpg,mouse
01034.jpg,cow
01035.jpg,pig
01036.jpg,spider monkey
01037.jpg,raccoon
01038.jpg,tiger
01039.jpg,deer
01040.jpg,persian cat
01041.jpg,pig
01042.jpg,hippopotamus
01043.jpg,zebra
01044.jpg,bat
01045.jpg,wolf
01046.jpg,walrus
01047.jpg,zebra
01048.jpg,weasel
01049.jpg,zebra
01050.jpg,skunk
01051.jpg,antelope
01052.jpg,tiger
01053.jpg,deer
01054.jpg,tiger
01055.jpg,mole
01056.jpg,siamese cat
01057.jpg,siamese cat
01058.jpg,mouse
01059.jpg,chihuahua
01060.jpg,bat
01061.jpg,elephant
01062.jpg,hamster
01063.jpg,walrus
01064.jpg,hippopotamus
01065.jpg,elephant
01066.jpg,elephant
01067.jpg,mouse
01068.jpg,mouse
01069.jpg,blue whale
01070.jpg,bobcat
01071.jpg,bobcat
01072.jpg,weasel
01073.jpg,wolf
01074.jpg,walrus
01075.jpg,bat
01076.jpg,tiger
01077.jpg,deer
01078.jpg,siamese cat
01079.jpg,weasel
01080.jpg,rat
01081.jpg,giraffe
01082.jpg,otter
01083.jpg,spider monkey
01084.jpg,rat
01085.jpg,deer
01086.jpg,walrus
01087.jpg,beaver
01088.jpg,mouse
01089.jpg,weasel
01090.jpg,spider monkey
01091.jpg,wolf
01092.jpg,deer
01093.jpg,giant panda
01094.jpg,otter
01095.jpg,cow
01096.jpg,spider monkey
01097.jpg,buffalo
01098.jpg,pig
01099.jpg,beaver
01100.jpg,dalmatian
01101.jpg,buffalo
01102.jpg,raccoon
01103.jpg,dalmatian
01104.jpg,polar bear
01105.jpg,spider monkey
01106.jpg,weasel
01107.jpg,skunk
01108.jpg,persian cat
01109.jpg,walrus
01110.jpg,spider monkey
01111.jpg,german shepherd
01112.jpg,antelope
01113.jpg,tiger
01114.jpg,cow
01115.jpg,spider monkey
01116.jpg,cow
01117.jpg,elephant
01118.jpg,siamese cat
01119.jpg,wolf
01120.jpg,otter
01121.jpg,tiger
01122.jpg,mole
01123.jpg,deer
01124.jpg,weasel
01125.jpg,dolphin
01126.jpg,bat
01127.jpg,giant panda
01128.jpg,elephant
01129.jpg,humpback whale
01130.jpg,otter
01131.jpg,zebra
01132.jpg,leopard
01133.jpg,bobcat
01134.jpg,seal
01135.jpg,pig
01136.jpg,giant panda
01137.jpg,deer
01138.jpg,otter
01139.jpg,mouse
01140.jpg,persian cat
01141.jpg,dalmatian
01142.jpg,zebra
01143.jpg,mouse
01144.jpg,spider monkey
01145.jpg,beaver
01146.jpg,mole
01147.jpg,bat
01148.jpg,antelope
01149.jpg,buffalo
01150.jpg,weasel
01151.jpg,wolf
01152.jpg,spider monkey
01153.jpg,dalmatian
01154.jpg,hamster
01155.jpg,raccoon
01156.jpg,leopard
01157.jpg,humpback whale
01158.jpg,spider monkey
01159.jpg,cow
01160.jpg,cow
01161.jpg,siamese cat
01162.jpg,cow
01163.jpg,deer
01164.jpg,mouse
01165.jpg,weasel
01166.jpg,buffalo
01167.jpg,deer
01168.jpg,dolphin
01169.jpg,cow
01170.jpg,cow
01171.jpg,raccoon
01172.jpg,tiger
01173.jpg,spider monkey
01174.jpg,german shepherd
01175.jpg,grizzly bear
01176.jpg,bat
01177.jpg,elephant
01178.jpg,weasel
01179.jpg,german shepherd
01180.jpg,elephant
01181.jpg,ox
01182.jpg,mouse
01183.jpg,bobcat
01184.jpg,raccoon
01185.jpg,deer
01186.jpg,otter
01187.jpg,mouse
01188.jpg,chihuahua
01189.jpg,persian cat
01190.jpg,hamster
01191.jpg,mouse
01192.jpg,killer whale
01193.jpg,dolphin
01194.jpg,mouse
01195.jpg,otter
01196.jpg,seal
01197.jpg,lion
01198.jpg,zebra
01199.jpg,mole
01200.jpg,polar bear
01201.jpg,giant panda
01202.jpg,grizzly bear
01203.jpg,spider monkey
01204.jpg,grizzly bear
01205.jpg,tiger
01206.jpg,mole
01207.jpg,deer
01208.jpg,antelope
01209.jpg,spider monkey
01210.jpg,polar bear
01211.jpg,spider monkey
01212.jpg,rat
01213.jpg,deer
01214.jpg,antelope
01215.jpg,spider monkey
01216.jpg,german shepherd
01217.jpg,dolphin
01218.jpg,killer whale
01219.jpg,giraffe
01220.jpg,dalmatian
01221.jpg,mouse
01222.jpg,german shepherd
01223.jpg,german shepherd
01224.jpg,deer
01225.jpg,hippopotamus
01226.jpg,weasel
01227.jpg,weasel
01228.jpg,buffalo
01229.jpg,beaver
01230.jpg,giraffe
01231.jpg,hippopotamus
01232.jpg,polar bear
01233.jpg,spider monkey
01234.jpg,dalmatian
01235.jpg,bobcat
01236.jpg,seal
01237.jpg,skunk
01238.jpg,mouse
01239.jpg,mole
01240.jpg,ox
01241.jpg,killer whale
01242.jpg,weasel
01243.jpg,chihuahua
01244.jpg,spider monkey
01245.jpg,bat
01246.jpg,spider monkey
01247.jpg,elephant
01248.jpg,spider monkey
01249.jpg,deer
01250.jpg,bobcat
01251.jpg,dalmatian
01252.jpg,dolphin
01253.jpg,weasel
01254.jpg,spider monkey
01255.jpg,pig
01256.jpg,wolf
01257.jpg,spider monkey
01258.jpg,chihuahua
01259.jpg,wolf
01260.jpg,killer whale
01261.jpg,grizzly bear
01262.jpg,mole
01263.jpg,deer
01264.jpg,giraffe
01265.jpg,raccoon
01266.jpg,seal
01267.jpg,weasel
01268.jpg,deer
01269.jpg,pig
01270.jpg,wolf
01271.jpg,giant panda
01272.jpg,giraffe
01273.jpg,raccoon
01274.jpg,humpback whale
01275.jpg,wolf
01276.jpg,mouse
01277.jpg,lion
01278.jpg,killer whale
01279.jpg,cow
01280.jpg,blue whale
01281.jpg,bobcat
01282.jpg,dolphin
01283.jpg,spider monkey
01284.jpg,killer whale
01285.jpg,antelope
01286.jpg,deer
01287.jpg,bobcat
01288.jpg,persian cat
01289.jpg,wolf
01290.jpg,cow
01291.jpg,grizzly bear
01292.jpg,mouse
01293.jpg,spider monkey
01294.jpg,skunk
01295.jpg,pig
01296.jpg,elephant
01297.jpg,otter
01298.jpg,giraffe
01299.jpg,antelope
01300.jpg,wolf
01301.jpg,spider monkey
01302.jpg,skunk
01303.jpg,cow
01304.jpg,buffalo
01305.jpg,antelope
01306.jpg,seal
01307.jpg,hippopotamus
01308.jpg,mouse
01309.jpg,rat
01310.jpg,spider monkey
01311.jpg,leopard
01312.jpg,seal
01313.jpg,bobcat
01314.jpg,elephant
01315.jpg,spider monkey
01316.jpg,cow
01317.jpg,lion
01318.jpg,dalmatian
01319.jpg,chihuahua
01320.jpg,giant panda
01321.jpg,ox
01322.jpg,elephant
01323.jpg,cow
01324.jpg,spider monkey
01325.jpg,spider monkey
01326.jpg,skunk
01327.jpg,tiger
01328.jpg,deer
01329.jpg,seal
01330.jpg,otter
01331.jpg,antelope
01332.jpg,seal
01333.jpg,hippopotamus
01334.jpg,spider monkey
01335.jpg,dalmatian
01336.jpg,polar bear
01337.jpg,otter
01338.jpg,elephant
01339.jpg,raccoon
01340.jpg,dalmatian
01341.jpg,skunk
01342.jpg,raccoon
01343.jpg,deer
01344.jpg,german shepherd
01345.jpg,mole
01346.jpg,ox
01347.jpg,spider monkey
01348.jpg,dolphin
01349.jpg,mouse
01350.jpg,wolf
01351.jpg,weasel
01352.jpg,antelope
01353.jpg,deer
01354.jpg,antelope
01355.jpg,mouse
01356.jpg,giant panda
01357.jpg,german shepherd
01358.jpg,ox
01359.jpg,mouse
01360.jpg,bat
01361.jpg,raccoon
01362.jpg,german shepherd
01363.jpg,mouse
01364.jpg,ox
01365.jpg,dolphin
01366.jpg,walrus
01367.jpg,weasel
01368.jpg,pig
01369.jpg,tiger
01370.jpg,cow
01371.jpg,buffalo
01372.jpg,raccoon
01373.jpg,spider monkey
01374.jpg,pig
01375.jpg,dolphin
01376.jpg,dalmatian
01377.jpg,spider monkey
01378.jpg,polar bear
01379.jpg,antelope
01380.jpg,walrus
01381.jpg,deer
01382.jpg,spider monkey
01383.jpg,wolf
01384.jpg,otter
01385.jpg,bat
01386.jpg,spider monkey
01387.jpg,mouse
01388.jpg,mouse
01389.jpg,cow
01390.jpg,chihuahua
01391.jpg,siamese cat
01392.jpg,deer
01393.jpg,giant panda
01394.jpg,raccoon
01395.jpg,wolf
01396.jpg,giant panda
01397.jpg,rat
01398.jpg,bobcat
01399.jpg,spider monkey
01400.jpg,elephant
01401.jpg,cow
01402.jpg,leopard
01403.jpg,otter
01404.jpg,mouse
01405.jpg,german shepherd
01406.jpg,mouse
01407.jpg,giant panda
01408.jpg,pig
01409.jpg,humpback whale
01410.jpg,cow
01411.jpg,blue whale
01412.jpg,beaver
01413.jpg,skunk
01414.jpg,elephant
01415.jpg,skunk
01416.jpg,antelope
01417.jpg,polar bear
01418.jpg,mouse
01419.jpg,elephant
01420.jpg,giraffe
01421.jpg,zebra
01422.jpg,cow
01423.jpg,deer
01424.jpg,german shepherd
01425.jpg,giraffe
01426.jpg,skunk
01427.jpg,persian cat
01428.jpg,zebra
01429.jpg,ox
01430.jpg,chihuahua
01431.jpg,otter
01432.jpg,antelope
01433.jpg,mouse
01434.jpg,dalmatian
01435.jpg,deer
01436.jpg,polar bear
01437.jpg,hamster
01438.jpg,chihuahua
01439.jpg,skunk
01440.jpg,rat
01441.jpg,cow
01442.jpg,hamster
01443.jpg,mouse
01444.jpg,weasel
01445.jpg,elephant
01446.jpg,pig
01447.jpg,cow
01448.jpg,antelope
01449.jpg,grizzly bear
01450.jpg,german shepherd
01451.jpg,persian cat
01452.jpg,spider monkey
01453.jpg,elephant
01454.jpg,polar bear
01455.jpg,siamese cat
01456.jpg,cow
01457.jpg,deer
01458.jpg,lion
01459.jpg,lion
01460.jpg,weasel
01461.jpg,walrus
01462.jpg,giraffe
01463.jpg,antelope
01464.jpg,raccoon
01465.jpg,deer
01466.jpg,pig
01467.jpg,giant panda
01468.jpg,spider monkey
01469.jpg,mole
01470.jpg,cow
01471.jpg,tiger
01472.jpg,bat
01473.jpg,deer
01474.jpg,ox
01475.jpg,elephant
01476.jpg,chihuahua
01477.jpg,bat
01478.jpg,mouse
01479.jpg,elephant
01480.jpg,spider monkey
01481.jpg,hippopotamus
01482.jpg,humpback whale
01483.jpg,cow
01484.jpg,beaver
01485.jpg,killer whale
01486.jpg,dalmatian
01487.jpg,giraffe
01488.jpg,blue whale
01489.jpg,polar bear
01490.jpg,seal
01491.jpg,pig
01492.jpg,grizzly bear
01493.jpg,buffalo
01494.jpg,bat
01495.jpg,cow
01496.jpg,spider monkey
01497.jpg,hippopotamus
01498.jpg,spider monkey
01499.jpg,wolf
01500.jpg,beaver
01501.jpg,leopard
01502.jpg,hamster
01503.jpg,deer
01504.jpg,german shepherd
01505.jpg,zebra
01506.jpg,chihuahua
01507.jpg,weasel
01508.jpg,mouse
01509.jpg,wolf
01510.jpg,dolphin
01511.jpg,siamese cat
01512.jpg,bobcat
01513.jpg,chihuahua
01514.jpg,spider monkey
01515.jpg,tiger
01516.jpg,weasel
01517.jpg,deer
01518.jpg,skunk
01519.jpg,grizzly bear
01520.jpg,tiger
01521.jpg,killer whale
01522.jpg,ox
01523.jpg,weasel
01524.jpg,killer whale
01525.jpg,mouse
01526.jpg,mouse
01527.jpg,lion
01528.jpg,mouse
01529.jpg,killer whale
01530.jpg,otter
01531.jpg,dalmatian
01532.jpg,zebra
01533.jpg,antelope
01534.jpg,hippopotamus
01535.jpg,spider monkey
01536.jpg,deer
01537.jpg,german shepherd
01538.jpg,raccoon
01539.jpg,spider monkey
01540.jpg,weasel
01541.jpg,walrus
01542.jpg,wolf
01543.jpg,german shepherd
01544.jpg,wolf
01545.jpg,walrus
01546.jpg,humpback whale
01547.jpg,hamster
01548.jpg,raccoon
01549.jpg,mouse
01550.jpg,buffalo
01551.jpg,wolf
01552.jpg,deer
01553.jpg,cow
01554.jpg,mouse
01555.jpg,tiger
01556.jpg,cow
01557.jpg,chihuahua
01558.jpg,buffalo
01559.jpg,chihuahua
01560.jpg,beaver
01561.jpg,pig
01562.jpg,spider monkey
01563.jpg,dolphin
01564.jpg,pig
01565.jpg,cow
01566.jpg,tiger
01567.jpg,raccoon
01568.jpg,giraffe
01569.jpg,dalmatian
01570.jpg,persian cat
01571.jpg,ox
01572.jpg,skunk
01573.jpg,mouse
01574.jpg,bat
01575.jpg,buffalo
01576.jpg,leopard
01577.jpg,german shepherd
01578.jpg,dolphin
01579.jpg,tiger
01580.jpg,cow
01581.jpg,beaver
01582.jpg,deer
01583.jpg,antelope
01584.jpg,tiger
01585.jpg,wolf
01586.jpg,persian cat
01587.jpg,mouse
01588.jpg,walrus
01589.jpg,elephant
01590.jpg,chihuahua
01591.jpg,zebra
01592.jpg,german shepherd
01593.jpg,bat
01594.jpg,seal
01595.jpg,leopard
01596.jpg,raccoon
01597.jpg,deer
01598.jpg,spider monkey
01599.jpg,spider monkey
01600.jpg,buffalo
01601.jpg,cow
01602.jpg,humpback whale
01603.jpg,wolf
01604.jpg,bobcat
01605.jpg,seal
01606.jpg,dalmatian
01607.jpg,raccoon
01608.jpg,spider monkey
01609.jpg,spider monkey
01610.jpg,elephant
01611.jpg,weasel
01612.jpg,siamese cat
01613.jpg,weasel
01614.jpg,dalmatian
01615.jpg,buffalo
01616.jpg,seal
01617.jpg,mouse
01618.jpg,german shepherd
01619.jpg,chihuahua
01620.jpg,deer
01621.jpg,killer whale
01622.jpg,german shepherd
01623.jpg,ox
01624.jpg,cow
01625.jpg,spider monkey
01626.jpg,killer whale
01627.jpg,killer whale
01628.jpg,grizzly bear
01629.jpg,pig
01630.jpg,dolphin
01631.jpg,mouse
01632.jpg,elephant
01633.jpg,cow
01634.jpg,dalmatian
01635.jpg,deer
01636.jpg,cow
01637.jpg,antelope
01638.jpg,grizzly bear
01639.jpg,wolf
01640.jpg,wolf
01641.jpg,ox
01642.jpg,deer
01643.jpg,hamster
01644.jpg,deer
01645.jpg,mole
01646.jpg,spider monkey
01647.jpg,raccoon
01648.jpg,mouse
01649.jpg,cow
01650.jpg,chihuahua
01651.jpg,chihuahua
01652.jpg,bobcat
01653.jpg,grizzly bear
01654.jpg,killer whale
01655.jpg,buffalo
01656.jpg,bat
01657.jpg,blue whale
01658.jpg,hamster
01659.jpg,mouse
01660.jpg,rat
01661.jpg,cow
01662.jpg,hamster
01663.jpg,weasel
01664.jpg,elephant
01665.jpg,bat
01666.jpg,persian cat
01667.jpg,siamese cat
01668.jpg,lion
01669.jpg,spider monkey
01670.jpg,weasel
01671.jpg,persian cat
01672.jpg,deer
01673.jpg,wolf
01674.jpg,rat
01675.jpg,german shepherd
01676.jpg,otter
01677.jpg,spider monkey
01678.jpg,raccoon
01679.jpg,mouse
01680.jpg,mouse
01681.jpg,spider monkey
01682.jpg,buffalo
01683.jpg,wolf
01684.jpg,antelope
01685.jpg,chihuahua
01686.jpg,seal
01687.jpg,rat
01688.jpg,zebra
01689.jpg,spider monkey
01690.jpg,cow
01691.jpg,dalmatian
01692.jpg,rat
01693.jpg,rat
01694.jpg,antelope
01695.jpg,seal
01696.jpg,blue whale
01697.jpg,wolf
01698.jpg,otter
01699.jpg,rat
01700.jpg,humpback whale
01701.jpg,blue whale
01702.jpg,tiger
01703.jpg,mouse
01704.jpg,bobcat
01705.jpg,german shepherd
01706.jpg,giraffe
01707.jpg,blue whale
01708.jpg,deer
01709.jpg,leopard
01710.jpg,skunk
01711.jpg,beaver
01712.jpg,skunk
01713.jpg,spider monkey
01714.jpg,humpback whale
01715.jpg,blue whale
01716.jpg,wolf
01717.jpg,antelope
01718.jpg,raccoon
01719.jpg,antelope
01720.jpg,chihuahua
01721.jpg,mole
01722.jpg,bobcat
01723.jpg,antelope
01724.jpg,spider monkey
01725.jpg,mouse
01726.jpg,pig
01727.jpg,seal
01728.jpg,mouse
01729.jpg,spider monkey
01730.jpg,deer
01731.jpg,cow
01732.jpg,bobcat
01733.jpg,lion
01734.jpg,zebra
01735.jpg,beaver
01736.jpg,mouse
01737.jpg,elephant
01738.jpg,deer
01739.jpg,elephant
01740.jpg,rat
01741.jpg,giant panda
01742.jpg,spider monkey
01743.jpg,grizzly bear
01744.jpg,lion
01745.jpg,spider monkey
01746.jpg,bat
01747.jpg,deer
01748.jpg,spider monkey
01749.jpg,giant panda
01750.jpg,killer whale
01751.jpg,bobcat
01752.jpg,spider monkey
01753.jpg,raccoon
01754.jpg,spider monkey
01755.jpg,rat
01756.jpg,bat
01757.jpg,elephant
01758.jpg,dolphin
01759.jpg,grizzly bear
01760.jpg,lion
01761.jpg,giraffe
01762.jpg,seal
01763.jpg,elephant
01764.jpg,skunk
01765.jpg,giraffe
01766.jpg,cow
01767.jpg,giant panda
01768.jpg,antelope
01769.jpg,cow
01770.jpg,pig
01771.jpg,hippopotamus
01772.jpg,cow
01773.jpg,zebra
01774.jpg,chihuahua
01775.jpg,killer whale
01776.jpg,spider monkey
01777.jpg,antelope
01778.jpg,mouse
01779.jpg,spider monkey
01780.jpg,giraffe
01781.jpg,weasel
01782.jpg,lion
01783.jpg,mole
01784.jpg,beaver
01785.jpg,blue whale
01786.jpg,mouse
01787.jpg,chihuahua
01788.jpg,lion
01789.jpg,hippopotamus
01790.jpg,giraffe
01791.jpg,polar bear
01792.jpg,dalmatian
01793.jpg,mouse
01794.jpg,pig
01795.jpg,cow
01796.jpg,pig
01797.jpg,spider monkey
01798.jpg,otter
01799.jpg,buffalo
01800.jpg,deer
01801.jpg,giraffe
01802.jpg,antelope
01803.jpg,zebra
01804.jpg,mouse
01805.jpg,grizzly bear
01806.jpg,antelope
01807.jpg,mouse
01808.jpg,spider monkey
01809.jpg,wolf
01810.jpg,cow
01811.jpg,mouse
01812.jpg,elephant
01813.jpg,spider monkey
01814.jpg,blue whale
01815.jpg,mouse
01816.jpg,buffalo
01817.jpg,chihuahua
01818.jpg,bat
01819.jpg,spider monkey
01820.jpg,bobcat
01821.jpg,skunk
01822.jpg,spider monkey
01823.jpg,tiger
01824.jpg,lion
01825.jpg,blue whale
01826.jpg,seal
01827.jpg,giraffe
01828.jpg,lion
01829.jpg,ox
01830.jpg,deer
01831.jpg,spider monkey
01832.jpg,mouse
01833.jpg,dolphin
01834.jpg,seal
01835.jpg,mouse
01836.jpg,spider monkey
01837.jpg,zebra
01838.jpg,cow
01839.jpg,rat
01840.jpg,giraffe
01841.jpg,lion
01842.jpg,elephant
01843.jpg,mouse
01844.jpg,hamster
01845.jpg,lion
01846.jpg,wolf
01847.jpg,cow
01848.jpg,mouse
01849.jpg,blue whale
01850.jpg,persian cat
01851.jpg,antelope
01852.jpg,polar bear
01853.jpg,buffalo
01854.jpg,pig
01855.jpg,elephant
01856.jpg,buffalo
01857.jpg,lion
01858.jpg,rat
01859.jpg,deer
01860.jpg,bat
01861.jpg,blue whale
01862.jpg,killer whale
01863.jpg,humpback whale
01864.jpg,chihuahua
01865.jpg,cow
01866.jpg,cow
01867.jpg,spider monkey
01868.jpg,mouse
01869.jpg,spider monkey
01870.jpg,polar bear
01871.jpg,mole
01872.jpg,cow
01873.jpg,mouse
01874.jpg,dalmatian
01875.jpg,hamster
01876.jpg,german shepherd
01877.jpg,spider monkey
01878.jpg,cow
01879.jpg,chihuahua
01880.jpg,blue whale
01881.jpg,skunk
01882.jpg,mouse
01883.jpg,raccoon
01884.jpg,cow
01885.jpg,walrus
01886.jpg,spider monkey
01887.jpg,siamese cat
01888.jpg,wolf
01889.jpg,dalmatian
01890.jpg,zebra
01891.jpg,walrus
01892.jpg,dalmatian
01893.jpg,weasel
01894.jpg,spider monkey
01895.jpg,hamster
01896.jpg,rat
01897.jpg,mouse
01898.jpg,bobcat
01899.jpg,deer
01900.jpg,grizzly bear
01901.jpg,otter
01902.jpg,ox
01903.jpg,giraffe
01904.jpg,killer whale
01905.jpg,grizzly bear
01906.jpg,chihuahua
01907.jpg,elephant
01908.jpg,seal
01909.jpg,spider monkey
01910.jpg,bat
01911.jpg,mouse
01912.jpg,killer whale
01913.jpg,leopard
01914.jpg,grizzly bear
01915.jpg,german shepherd
01916.jpg,weasel
01917.jpg,beaver
01918.jpg,dalmatian
01919.jpg,tiger
01920.jpg,polar bear
01921.jpg,raccoon
01922.jpg,spider monkey
01923.jpg,antelope
01924.jpg,ox
01925.jpg,rat
01926.jpg,bat
01927.jpg,cow
01928.jpg,giant panda
01929.jpg,grizzly bear
01930.jpg,beaver
01931.jpg,spider monkey
01932.jpg,siamese cat
01933.jpg,cow
01934.jpg,raccoon
01935.jpg,buffalo
01936.jpg,blue whale
01937.jpg,grizzly bear
01938.jpg,spider monkey
01939.jpg,bat
01940.jpg,otter
01941.jpg,killer whale
01942.jpg,hamster
01943.jpg,hippopotamus
01944.jpg,pig
01945.jpg,deer
01946.jpg,german shepherd
01947.jpg,polar bear
01948.jpg,lion
01949.jpg,hippopotamus
01950.jpg,pig
01951.jpg,buffalo
01952.jpg,killer whale
01953.jpg,giraffe
01954.jpg,spider monkey
01955.jpg,killer whale
01956.jpg,cow
01957.jpg,raccoon
01958.jpg,leopard
01959.jpg,buffalo
01960.jpg,deer
01961.jpg,spider monkey
01962.jpg,mouse
01963.jpg,wolf
01964.jpg,skunk
01965.jpg,antelope
01966.jpg,hamster
01967.jpg,mouse
01968.jpg,skunk
01969.jpg,persian cat
01970.jpg,humpback whale
01971.jpg,cow
01972.jpg,hamster
01973.jpg,weasel
01974.jpg,pig
01975.jpg,mouse
01976.jpg,bobcat
01977.jpg,hippopotamus
01978.jpg,mole
01979.jpg,german shepherd
01980.jpg,raccoon
01981.jpg,bat
01982.jpg,antelope
01983.jpg,mouse
01984.jpg,weasel
01985.jpg,raccoon
01986.jpg,wolf
01987.jpg,grizzly bear
01988.jpg,raccoon
01989.jpg,pig
01990.jpg,bobcat
01991.jpg,cow
01992.jpg,hippopotamus
01993.jpg,raccoon
01994.jpg,antelope
01995.jpg,siamese cat
01996.jpg,wolf
01997.jpg,giant panda
01998.jpg,buffalo
01999.jpg,dolphin
02000.jpg,siamese cat
02001.jpg,dolphin
02002.jpg,leopard
02003.jpg,tiger
02004.jpg,wolf
02005.jpg,german shepherd
02006.jpg,dalmatian
02007.jpg,cow
02008.jpg,pig
02009.jpg,spider monkey
02010.jpg,bat
02011.jpg,persian cat
02012.jpg,seal
02013.jpg,deer
02014.jpg,elephant
02015.jpg,beaver
02016.jpg,siamese cat
02017.jpg,polar bear
02018.jpg,buffalo
02019.jpg,killer whale
02020.jpg,deer
02021.jpg,hamster
02022.jpg,deer
02023.jpg,spider monkey
02024.jpg,chihuahua
02025.jpg,giant panda
02026.jpg,hippopotamus
02027.jpg,grizzly bear
02028.jpg,tiger
02029.jpg,deer
02030.jpg,chihuahua
02031.jpg,giraffe
02032.jpg,wolf
02033.jpg,elephant
02034.jpg,pig
02035.jpg,rat
02036.jpg,humpback whale
02037.jpg,weasel
02038.jpg,weasel
02039.jpg,blue whale
02040.jpg,chihuahua
02041.jpg,pig
02042.jpg,chihuahua
02043.jpg,cow
02044.jpg,siamese cat
02045.jpg,chihuahua
02046.jpg,german shepherd
02047.jpg,grizzly bear
02048.jpg,blue whale
02049.jpg,deer
02050.jpg,giant panda
02051.jpg,seal
02052.jpg,mouse
02053.jpg,wolf
02054.jpg,zebra
02055.jpg,bat
02056.jpg,polar bear
02057.jpg,otter
02058.jpg,wolf
02059.jpg,spider monkey
02060.jpg,german shepherd
02061.jpg,spider monkey
02062.jpg,wolf
02063.jpg,bat
02064.jpg,giant panda
02065.jpg,wolf
02066.jpg,lion
02067.jpg,weasel
02068.jpg,cow
02069.jpg,bobcat
02070.jpg,pig
02071.jpg,otter
02072.jpg,spider monkey
02073.jpg,humpback whale
02074.jpg,pig
02075.jpg,mole
02076.jpg,lion
02077.jpg,beaver
02078.jpg,polar bear
02079.jpg,hamster
02080.jpg,lion
02081.jpg,raccoon
02082.jpg,raccoon
02083.jpg,lion
02084.jpg,lion
02085.jpg,walrus
02086.jpg,skunk
02087.jpg,mouse
02088.jpg,walrus
02089.jpg,lion
02090.jpg,raccoon
02091.jpg,mouse
02092.jpg,weasel
02093.jpg,seal
02094.jpg,german shepherd
02095.jpg,mouse
02096.jpg,spider monkey
02097.jpg,chihuahua
02098.jpg,cow
02099.jpg,tiger
02100.jpg,mouse
02101.jpg,zebra
02102.jpg,spider monkey
02103.jpg,elephant
02104.jpg,polar bear
02105.jpg,buffalo
02106.jpg,cow
02107.jpg,deer
02108.jpg,hippopotamus
02109.jpg,pig
02110.jpg,deer
02111.jpg,weasel
02112.jpg,bobcat
02113.jpg,deer
02114.jpg,spider monkey
02115.jpg,dolphin
02116.jpg,blue whale
02117.jpg,buffalo
02118.jpg,spider monkey
02119.jpg,bat
02120.jpg,mouse
02121.jpg,cow
02122.jpg,mouse
02123.jpg,humpback whale
02124.jpg,mouse
02125.jpg,cow
02126.jpg,hamster
02127.jpg,raccoon
02128.jpg,spider monkey
02129.jpg,deer
02130.jpg,giraffe
02131.jpg,hippopotamus
02132.jpg,cow
02133.jpg,spider monkey
02134.jpg,cow
02135.jpg,cow
02136.jpg,walrus
02137.jpg,mouse
02138.jpg,polar bear
02139.jpg,walrus
02140.jpg,spider monkey
02141.jpg,skunk
02142.jpg,zebra
02143.jpg,siamese cat
02144.jpg,buffalo
02145.jpg,leopard
02146.jpg,mole
02147.jpg,rat
02148.jpg,buffalo
02149.jpg,beaver
02150.jpg,ox
02151.jpg,leopard
02152.jpg,blue whale
02153.jpg,cow
02154.jpg,antelope
02155.jpg,hippopotamus
02156.jpg,giraffe
02157.jpg,elephant
02158.jpg,pig
02159.jpg,tiger
02160.jpg,antelope
02161.jpg,wolf
02162.jpg,skunk
02163.jpg,deer
02164.jpg,hippopotamus
02165.jpg,mouse
02166.jpg,otter
02167.jpg,killer whale
02168.jpg,tiger
02169.jpg,otter
02170.jpg,elephant
02171.jpg,elephant
02172.jpg,pig
02173.jpg,zebra
02174.jpg,skunk
02175.jpg,wolf
02176.jpg,wolf
02177.jpg,lion
02178.jpg,humpback whale
02179.jpg,mole
02180.jpg,raccoon
02181.jpg,ox
02182.jpg,bobcat
02183.jpg,deer
02184.jpg,deer
02185.jpg,raccoon
02186.jpg,hamster
02187.jpg,grizzly bear
02188.jpg,blue whale
02189.jpg,walrus
02190.jpg,walrus
02191.jpg,skunk
02192.jpg,ox
02193.jpg,grizzly bear
02194.jpg,dolphin
02195.jpg,elephant
02196.jpg,leopard
02197.jpg,elephant
02198.jpg,seal
02199.jpg,buffalo
02200.jpg,chihuahua
02201.jpg,dalmatian
02202.jpg,wolf
02203.jpg,persian cat
02204.jpg,cow
02205.jpg,german shepherd
02206.jpg,hamster
02207.jpg,skunk
02208.jpg,spider monkey
02209.jpg,tiger
02210.jpg,seal
02211.jpg,mouse
02212.jpg,bobcat
02213.jpg,deer
02214.jpg,deer
02215.jpg,spider monkey
02216.jpg,mouse
02217.jpg,dalmatian
02218.jpg,persian cat
02219.jpg,siamese cat
02220.jpg,elephant
02221.jpg,spider monkey
02222.jpg,giraffe
02223.jpg,german shepherd
02224.jpg,skunk
02225.jpg,deer
02226.jpg,elephant
02227.jpg,elephant
02228.jpg,deer
02229.jpg,lion
02230.jpg,cow
02231.jpg,spider monkey
02232.jpg,ox
02233.jpg,mole
02234.jpg,otter
02235.jpg,buffalo
02236.jpg,spider monkey
02237.jpg,spider monkey
02238.jpg,siamese cat
02239.jpg,deer
02240.jpg,humpback whale
02241.jpg,bobcat
02242.jpg,deer
02243.jpg,wolf
02244.jpg,skunk
02245.jpg,lion
02246.jpg,blue whale
02247.jpg,giraffe
02248.jpg,cow
02249.jpg,rat
02250.jpg,pig
02251.jpg,blue whale
02252.jpg,hamster
02253.jpg,giant panda
02254.jpg,beaver
02255.jpg,killer whale
02256.jpg,humpback whale
02257.jpg,leopard
02258.jpg,mouse
02259.jpg,zebra
02260.jpg,mouse
02261.jpg,elephant
02262.jpg,deer
02263.jpg,seal
02264.jpg,skunk
02265.jpg,wolf
02266.jpg,hamster
02267.jpg,chihuahua
02268.jpg,grizzly bear
02269.jpg,antelope
02270.jpg,buffalo
02271.jpg,chihuahua
02272.jpg,mouse
02273.jpg,bobcat
02274.jpg,humpback whale
02275.jpg,spider monkey
02276.jpg,seal
02277.jpg,mouse
02278.jpg,pig
02279.jpg,mouse
02280.jpg,grizzly bear
02281.jpg,buffalo
02282.jpg,dalmatian
02283.jpg,hamster
02284.jpg,spider monkey
02285.jpg,raccoon
02286.jpg,raccoon
02287.jpg,otter
02288.jpg,deer
02289.jpg,bobcat
02290.jpg,pig
02291.jpg,weasel
02292.jpg,hamster
02293.jpg,lion
02294.jpg,spider monkey
02295.jpg,humpback whale
02296.jpg,dalmatian
02297.jpg,spider monkey
02298.jpg,deer
02299.jpg,german shepherd
02300.jpg,bat
02301.jpg,ox
02302.jpg,otter
02303.jpg,giant panda
02304.jpg,grizzly bear
02305.jpg,pig
02306.jpg,killer whale
02307.jpg,german shepherd
02308.jpg,rat
02309.jpg,spider monkey
02310.jpg,killer whale
02311.jpg,zebra
02312.jpg,pig
02313.jpg,antelope
02314.jpg,deer
02315.jpg,raccoon
02316.jpg,dalmatian
02317.jpg,beaver
02318.jpg,deer
02319.jpg,wolf
02320.jpg,spider monkey
02321.jpg,blue whale
02322.jpg,seal
02323.jpg,cow
02324.jpg,cow
02325.jpg,rat
02326.jpg,spider monkey
02327.jpg,deer
02328.jpg,wolf
02329.jpg,polar bear
02330.jpg,lion
02331.jpg,spider monkey
02332.jpg,spider monkey
02333.jpg,pig
02334.jpg,buffalo
02335.jpg,bobcat
02336.jpg,leopard
02337.jpg,ox
02338.jpg,dalmatian
02339.jpg,beaver
02340.jpg,dalmatian
02341.jpg,german shepherd
02342.jpg,deer
02343.jpg,walrus
02344.jpg,bobcat
02345.jpg,walrus
02346.jpg,siamese cat
02347.jpg,siamese cat
02348.jpg,mole
02349.jpg,dalmatian
02350.jpg,killer whale
02351.jpg,hippopotamus
02352.jpg,raccoon
02353.jpg,antelope
02354.jpg,grizzly bear
02355.jpg,polar bear
02356.jpg,german shepherd
02357.jpg,mouse
02358.jpg,walrus
02359.jpg,dalmatian
02360.jpg,german shepherd
02361.jpg,raccoon
02362.jpg,cow
02363.jpg,deer
02364.jpg,otter
02365.jpg,seal
02366.jpg,cow
02367.jpg,ox
02368.jpg,spider monkey
02369.jpg,hippopotamus
02370.jpg,otter
02371.jpg,siamese cat
02372.jpg,elephant
02373.jpg,deer
02374.jpg,chihuahua
02375.jpg,persian cat
02376.jpg,german shepherd
02377.jpg,antelope
02378.jpg,deer
02379.jpg,killer whale
02380.jpg,zebra
02381.jpg,elephant
02382.jpg,spider monkey
02383.jpg,spider monkey
02384.jpg,german shepherd
02385.jpg,mole
02386.jpg,beaver
02387.jpg,spider monkey
02388.jpg,german shepherd
02389.jpg,dalmatian
02390.jpg,buffalo
02391.jpg,zebra
02392.jpg,mouse
02393.jpg,spider monkey
02394.jpg,deer
02395.jpg,walrus
02396.jpg,ox
02397.jpg,giraffe
02398.jpg,antelope
02399.jpg,german shepherd
02400.jpg,german shepherd
02401.jpg,hippopotamus
02402.jpg,mouse
02403.jpg,antelope
02404.jpg,mouse
02405.jpg,bobcat
02406.jpg,otter
02407.jpg,hamster
02408.jpg,german shepherd
02409.jpg,chihuahua
02410.jpg,mouse
02411.jpg,wolf
02412.jpg,polar bear
02413.jpg,antelope
02414.jpg,raccoon
02415.jpg,mouse
02416.jpg,cow
02417.jpg,deer
02418.jpg,chihuahua
02419.jpg,german shepherd
02420.jpg,pig
02421.jpg,cow
02422.jpg,hippopotamus
02423.jpg,mouse
02424.jpg,wolf
02425.jpg,pig
02426.jpg,deer
02427.jpg,tiger
02428.jpg,walrus
02429.jpg,dalmatian
02430.jpg,persian cat
02431.jpg,humpback whale
02432.jpg,spider monkey
02433.jpg,cow
02434.jpg,cow
02435.jpg,hamster
02436.jpg,persian cat
02437.jpg,lion
02438.jpg,cow
02439.jpg,mouse
02440.jpg,lion
02441.jpg,otter
02442.jpg,mouse
02443.jpg,wolf
02444.jpg,giant panda
02445.jpg,german shepherd
02446.jpg,giant panda
02447.jpg,raccoon
02448.jpg,dolphin
02449.jpg,elephant
02450.jpg,cow
02451.jpg,bat
02452.jpg,rat
02453.jpg,buffalo
02454.jpg,german shepherd
02455.jpg,cow
02456.jpg,hamster
02457.jpg,spider monkey
02458.jpg,leopard
02459.jpg,spider monkey
02460.jpg,hamster
02461.jpg,dolphin
02462.jpg,cow
02463.jpg,persian cat
02464.jpg,spider monkey
02465.jpg,cow
02466.jpg,pig
02467.jpg,deer
02468.jpg,seal
02469.jpg,spider monkey
02470.jpg,wolf
02471.jpg,mouse
02472.jpg,cow
02473.jpg,otter
02474.jpg,cow
02475.jpg,spider monkey
02476.jpg,mole
02477.jpg,dolphin
02478.jpg,german shepherd
02479.jpg,elephant
02480.jpg,hippopotamus
02481.jpg,mouse
02482.jpg,antelope
02483.jpg,chihuahua
02484.jpg,spider monkey
02485.jpg,hamster
02486.jpg,mouse
02487.jpg,spider monkey
02488.jpg,bobcat
02489.jpg,tiger
02490.jpg,leopard
02491.jpg,buffalo
02492.jpg,chihuahua
02493.jpg,wolf
02494.jpg,siamese cat
02495.jpg,bat
02496.jpg,buffalo
02497.jpg,hamster
02498.jpg,grizzly bear
02499.jpg,german shepherd
02500.jpg,pig
02501.jpg,dalmatian
02502.jpg,hamster
02503.jpg,cow
02504.jpg,elephant
02505.jpg,antelope
02506.jpg,seal
02507.jpg,wolf
02508.jpg,elephant
02509.jpg,german shepherd
02510.jpg,seal
02511.jpg,german shepherd
02512.jpg,dolphin
02513.jpg,seal
02514.jpg,lion
02515.jpg,persian cat
02516.jpg,siamese cat
02517.jpg,ox
02518.jpg,giraffe
02519.jpg,weasel
02520.jpg,rat
02521.jpg,killer whale
02522.jpg,lion
02523.jpg,cow
02524.jpg,cow
02525.jpg,deer
02526.jpg,dolphin
02527.jpg,spider monkey
02528.jpg,pig
02529.jpg,spider monkey
02530.jpg,lion
02531.jpg,ox
02532.jpg,walrus
02533.jpg,giraffe
02534.jpg,antelope
02535.jpg,mole
02536.jpg,cow
02537.jpg,spider monkey
02538.jpg,cow
02539.jpg,cow
02540.jpg,spider monkey
02541.jpg,spider monkey
02542.jpg,weasel
02543.jpg,mole
02544.jpg,leopard
02545.jpg,weasel
02546.jpg,cow
02547.jpg,pig
02548.jpg,spider monkey
02549.jpg,siamese cat
02550.jpg,pig
02551.jpg,polar bear
02552.jpg,chihuahua
02553.jpg,walrus
02554.jpg,killer whale
02555.jpg,persian cat
02556.jpg,rat
02557.jpg,giant panda
02558.jpg,mouse
02559.jpg,giraffe
02560.jpg,zebra
02561.jpg,pig
02562.jpg,deer
02563.jpg,cow
02564.jpg,lion
02565.jpg,german shepherd
02566.jpg,dalmatian
02567.jpg,spider monkey
02568.jpg,bat
02569.jpg,grizzly bear
02570.jpg,chihuahua
02571.jpg,ox
02572.jpg,zebra
02573.jpg,cow
02574.jpg,hamster
02575.jpg,skunk
02576.jpg,siamese cat
02577.jpg,antelope
02578.jpg,persian cat
02579.jpg,cow
02580.jpg,deer
02581.jpg,skunk
02582.jpg,rat
02583.jpg,german shepherd
02584.jpg,deer
02585.jpg,wolf
02586.jpg,blue whale
02587.jpg,ox
02588.jpg,seal
02589.jpg,deer
02590.jpg,cow
02591.jpg,lion
02592.jpg,antelope
02593.jpg,wolf
02594.jpg,grizzly bear
02595.jpg,mole
02596.jpg,mouse
02597.jpg,hippopotamus
02598.jpg,zebra
02599.jpg,buffalo
02600.jpg,hamster
02601.jpg,giant panda
02602.jpg,skunk
02603.jpg,cow
02604.jpg,beaver
02605.jpg,cow
02606.jpg,weasel
02607.jpg,elephant
02608.jpg,blue whale
02609.jpg,giraffe
02610.jpg,buffalo
02611.jpg,walrus
02612.jpg,buffalo
02613.jpg,cow
02614.jpg,wolf
02615.jpg,raccoon
02616.jpg,pig
02617.jpg,mouse
02618.jpg,hippopotamus
02619.jpg,spider monkey
02620.jpg,humpback whale
02621.jpg,humpback whale
02622.jpg,spider monkey
02623.jpg,hippopotamus
02624.jpg,dolphin
02625.jpg,walrus
02626.jpg,seal
02627.jpg,elephant
02628.jpg,killer whale
02629.jpg,grizzly bear
02630.jpg,leopard
02631.jpg,hamster
02632.jpg,mouse
02633.jpg,spider monkey
02634.jpg,weasel
02635.jpg,tiger
02636.jpg,elephant
02637.jpg,persian cat
02638.jpg,zebra
02639.jpg,weasel
02640.jpg,giant panda
02641.jpg,spider monkey
02642.jpg,pig
02643.jpg,wolf
02644.jpg,walrus
02645.jpg,pig
02646.jpg,otter
02647.jpg,rat
02648.jpg,hamster
02649.jpg,cow
02650.jpg,pig
02651.jpg,polar bear
02652.jpg,buffalo
02653.jpg,spider monkey
02654.jpg,leopard
02655.jpg,mouse
02656.jpg,leopard
02657.jpg,giant panda
02658.jpg,otter
02659.jpg,bobcat
02660.jpg,giraffe
02661.jpg,cow
02662.jpg,elephant
02663.jpg,lion
02664.jpg,wolf
02665.jpg,buffalo
02666.jpg,siamese cat
02667.jpg,grizzly bear
02668.jpg,spider monkey
02669.jpg,siamese cat
02670.jpg,spider monkey
02671.jpg,hippopotamus
02672.jpg,killer whale
02673.jpg,polar bear
02674.jpg,spider monkey
02675.jpg,bobcat
02676.jpg,pig
02677.jpg,killer whale
02678.jpg,lion
02679.jpg,bobcat
02680.jpg,german shepherd
02681.jpg,spider monkey
02682.jpg,grizzly bear
02683.jpg,chihuahua
02684.jpg,hippopotamus
02685.jpg,german shepherd
02686.jpg,rat
02687.jpg,ox
02688.jpg,buffalo
02689.jpg,deer
02690.jpg,tiger
02691.jpg,chihuahua
02692.jpg,giant panda
02693.jpg,rat
02694.jpg,deer
02695.jpg,mouse
02696.jpg,cow
02697.jpg,cow
02698.jpg,zebra
02699.jpg,weasel
02700.jpg,bat
02701.jpg,persian cat
02702.jpg,bobcat
02703.jpg,buffalo
02704.jpg,otter
02705.jpg,persian cat
02706.jpg,blue whale
02707.jpg,mouse
02708.jpg,weasel
02709.jpg,raccoon
02710.jpg,spider monkey
02711.jpg,cow
02712.jpg,german shepherd
02713.jpg,mouse
02714.jpg,blue whale
02715.jpg,spider monkey
02716.jpg,skunk
02717.jpg,cow
02718.jpg,mouse
02719.jpg,bobcat
02720.jpg,deer
02721.jpg,lion
02722.jpg,bobcat
02723.jpg,grizzly bear
02724.jpg,beaver
02725.jpg,skunk
02726.jpg,mole
02727.jpg,humpback whale
02728.jpg,pig
02729.jpg,mouse
02730.jpg,rat
02731.jpg,dolphin
02732.jpg,mouse
02733.jpg,pig
02734.jpg,persian cat
02735.jpg,siamese cat
02736.jpg,walrus
02737.jpg,tiger
02738.jpg,blue whale
02739.jpg,grizzly bear
02740.jpg,chihuahua
02741.jpg,elephant
02742.jpg,otter
02743.jpg,mouse
02744.jpg,siamese cat
02745.jpg,beaver
02746.jpg,bobcat
02747.jpg,cow
02748.jpg,humpback whale
02749.jpg,antelope
02750.jpg,killer whale
02751.jpg,elephant
02752.jpg,antelope
02753.jpg,weasel
02754.jpg,ox
02755.jpg,hippopotamus
02756.jpg,elephant
02757.jpg,deer
02758.jpg,skunk
02759.jpg,german shepherd
02760.jpg,giraffe
02761.jpg,cow
02762.jpg,otter
02763.jpg,mouse
02764.jpg,buffalo
02765.jpg,ox
02766.jpg,ox
02767.jpg,giant panda
02768.jpg,antelope
02769.jpg,bat
02770.jpg,german shepherd
02771.jpg,raccoon
02772.jpg,spider monkey
02773.jpg,skunk
02774.jpg,spider monkey
02775.jpg,buffalo
02776.jpg,seal
02777.jpg,beaver
02778.jpg,deer
02779.jpg,giant panda
02780.jpg,weasel
02781.jpg,hippopotamus
02782.jpg,cow
02783.jpg,grizzly bear
02784.jpg,deer
02785.jpg,spider monkey
02786.jpg,chihuahua
02787.jpg,wolf
02788.jpg,spider monkey
02789.jpg,wolf
02790.jpg,walrus
02791.jpg,ox
02792.jpg,bat
02793.jpg,mouse
02794.jpg,wolf
02795.jpg,antelope
02796.jpg,wolf
02797.jpg,spider monkey
02798.jpg,walrus
02799.jpg,spider monkey
02800.jpg,german shepherd
02801.jpg,chihuahua
02802.jpg,mouse
02803.jpg,polar bear
02804.jpg,lion
02805.jpg,otter
02806.jpg,polar bear
02807.jpg,spider monkey
02808.jpg,elephant
02809.jpg,spider monkey
02810.jpg,lion
02811.jpg,polar bear
02812.jpg,dolphin
02813.jpg,leopard
02814.jpg,chihuahua
02815.jpg,lion
02816.jpg,skunk
02817.jpg,spider monkey
02818.jpg,siamese cat
02819.jpg,killer whale
02820.jpg,ox
02821.jpg,polar bear
02822.jpg,mouse
02823.jpg,elephant
02824.jpg,german shepherd
02825.jpg,spider monkey
02826.jpg,chihuahua
02827.jpg,wolf
02828.jpg,blue whale
02829.jpg,wolf
02830.jpg,grizzly bear
02831.jpg,otter
02832.jpg,buffalo
02833.jpg,mouse
02834.jpg,spider monkey
02835.jpg,polar bear
02836.jpg,hamster
02837.jpg,dalmatian
02838.jpg,skunk
02839.jpg,spider monkey
02840.jpg,wolf
02841.jpg,german shepherd
02842.jpg,hippopotamus
02843.jpg,spider monkey
02844.jpg,antelope
02845.jpg,humpback whale
02846.jpg,cow
02847.jpg,dolphin
02848.jpg,weasel
02849.jpg,mouse
02850.jpg,spider monkey
02851.jpg,spider monkey
02852.jpg,bobcat
02853.jpg,grizzly bear
02854.jpg,hippopotamus
02855.jpg,beaver
02856.jpg,spider monkey
02857.jpg,buffalo
02858.jpg,german shepherd
02859.jpg,mouse
02860.jpg,cow
02861.jpg,wolf
02862.jpg,elephant
02863.jpg,mole
02864.jpg,antelope
02865.jpg,cow
02866.jpg,ox
02867.jpg,leopard
02868.jpg,spider monkey
02869.jpg,antelope
02870.jpg,german shepherd
02871.jpg,dalmatian
02872.jpg,leopard
02873.jpg,mouse
02874.jpg,buffalo
02875.jpg,otter
02876.jpg,weasel
02877.jpg,spider monkey
02878.jpg,lion
02879.jpg,skunk
02880.jpg,giraffe
02881.jpg,deer
02882.jpg,weasel
02883.jpg,beaver
02884.jpg,tiger
02885.jpg,deer
02886.jpg,humpback whale
02887.jpg,mouse
02888.jpg,polar bear
02889.jpg,hamster
02890.jpg,grizzly bear
02891.jpg,pig
02892.jpg,mouse
02893.jpg,spider monkey
02894.jpg,spider monkey
02895.jpg,mouse
02896.jpg,lion
02897.jpg,buffalo
02898.jpg,elephant
02899.jpg,spider monkey
02900.jpg,killer whale
02901.jpg,spider monkey
02902.jpg,walrus
02903.jpg,blue whale
02904.jpg,deer
02905.jpg,beaver
02906.jpg,elephant
02907.jpg,spider monkey
02908.jpg,lion
02909.jpg,buffalo
02910.jpg,bobcat
02911.jpg,deer
02912.jpg,buffalo
02913.jpg,mouse
02914.jpg,grizzly bear
02915.jpg,deer
02916.jpg,deer
02917.jpg,bobcat
02918.jpg,grizzly bear
02919.jpg,deer
02920.jpg,seal
02921.jpg,spider monkey
02922.jpg,weasel
02923.jpg,otter
02924.jpg,beaver
02925.jpg,otter
02926.jpg,lion
02927.jpg,raccoon
02928.jpg,persian cat
02929.jpg,mouse
02930.jpg,beaver
02931.jpg,mouse
02932.jpg,cow
02933.jpg,spider monkey
02934.jpg,spider monkey
02935.jpg,skunk
02936.jpg,spider monkey
02937.jpg,leopard
02938.jpg,giraffe
02939.jpg,bat
02940.jpg,hippopotamus
02941.jpg,spider monkey
02942.jpg,pig
02943.jpg,blue whale
02944.jpg,cow
02945.jpg,elephant
02946.jpg,chihuahua
02947.jpg,mouse
02948.jpg,raccoon
02949.jpg,wolf
02950.jpg,chihuahua
02951.jpg,chihuahua
02952.jpg,spider monkey
02953.jpg,german shepherd
02954.jpg,elephant
02955.jpg,spider monkey
02956.jpg,blue whale
02957.jpg,lion
02958.jpg,cow
02959.jpg,otter
02960.jpg,lion
02961.jpg,skunk
02962.jpg,cow
02963.jpg,mouse
02964.jpg,killer whale
02965.jpg,pig
02966.jpg,otter
02967.jpg,otter
02968.jpg,zebra
02969.jpg,mouse
02970.jpg,mouse
02971.jpg,raccoon
02972.jpg,bobcat
02973.jpg,skunk
02974.jpg,zebra
02975.jpg,spider monkey
02976.jpg,seal
02977.jpg,antelope
02978.jpg,raccoon
02979.jpg,mouse
02980.jpg,hamster
02981.jpg,pig
02982.jpg,polar bear
02983.jpg,mouse
02984.jpg,weasel
02985.jpg,mouse
02986.jpg,buffalo
02987.jpg,pig
02988.jpg,elephant
02989.jpg,elephant
02990.jpg,grizzly bear
02991.jpg,raccoon
02992.jpg,mouse
02993.jpg,spider monkey
02994.jpg,antelope
02995.jpg,weasel
02996.jpg,antelope
02997.jpg,hamster
02998.jpg,dolphin
02999.jpg,leopard
03000.jpg,skunk
